{
  "recreateWhen": "always",
  "enabledManagers": ["regex"],
  "customManagers": [
    {
      "customType": "regex",
      "managerFilePatterns": [
        ".github/workflows/*.yml",
        ".github/actions/**/*.yml"
      ],
      "matchStrings": [
        "# renovate: datasource=(?<datasource>\\S+?) depName=(?<depName>\\S+?) versioning=(?<versioning>\\S+?)\\s+uses: \\S*@(?<currentValue>\\S*)"
      ],
      "datasourceTemplate": "{{{datasource}}}",
      "depNameTemplate": "{{{depName}}}",
      "versioningTemplate": "{{#if versioning}}{{{versioning}}}{{else}}semver-coerced{{/if}}"
    }
  ],
  "prConcurrentLimit": 0,
  "prHourlyLimit": 0
}
